{"train/global_step":89,"train/learning_rate":1.9986467692505954e-05,"_step":0,"_timestamp":1.7594318312674642e+09,"train/epoch":1,"_runtime":227,"train/loss":1.0555,"_wandb":{"runtime":227},"train/grad_norm":26.655231475830078}