{"train/epoch":1,"train/global_step":89,"_wandb":{"runtime":232},"train/learning_rate":1.9986467692505954e-05,"train/grad_norm":10.482641220092773,"_timestamp":1.759431452014896e+09,"train/loss":1.1357,"_runtime":232,"_step":0}